-- phpMyAdmin SQL Dump
-- version 5.2.1
-- https://www.phpmyadmin.net/
--
-- Host: localhost
-- Generation Time: Oct 19, 2025 at 06:22 AM
-- Server version: 10.4.28-MariaDB
-- PHP Version: 8.2.4

SET SQL_MODE = "NO_AUTO_VALUE_ON_ZERO";
START TRANSACTION;
SET time_zone = "+00:00";


/*!40101 SET @OLD_CHARACTER_SET_CLIENT=@@CHARACTER_SET_CLIENT */;
/*!40101 SET @OLD_CHARACTER_SET_RESULTS=@@CHARACTER_SET_RESULTS */;
/*!40101 SET @OLD_COLLATION_CONNECTION=@@COLLATION_CONNECTION */;
/*!40101 SET NAMES utf8mb4 */;

--
-- Database: `payroll`
--

-- --------------------------------------------------------

--
-- Table structure for table `dtr`
--

CREATE TABLE `dtr` (
  `id` int(11) NOT NULL,
  `employee_id` int(11) NOT NULL,
  `morning_time_in` time DEFAULT NULL,
  `morning_time_out` time DEFAULT NULL,
  `afternoon_time_in` time DEFAULT NULL,
  `afternoon_time_out` time DEFAULT NULL,
  `message` varchar(250) DEFAULT NULL,
  `date` date NOT NULL
) ENGINE=InnoDB DEFAULT CHARSET=utf8mb4 COLLATE=utf8mb4_general_ci;

--
-- Dumping data for table `dtr`
--

INSERT INTO `dtr` (`id`, `employee_id`, `morning_time_in`, `morning_time_out`, `afternoon_time_in`, `afternoon_time_out`, `message`, `date`) VALUES
(1, 2, '07:56:00', '12:18:00', '12:19:00', '17:14:00', NULL, '2025-08-01'),
(2, 2, '08:14:00', '12:00:00', '12:01:00', '17:16:00', NULL, '2025-08-04'),
(3, 2, '08:23:00', '12:00:00', '12:01:00', '17:16:00', NULL, '2025-08-05'),
(4, 2, '07:52:00', '12:06:00', '12:07:00', '17:18:00', NULL, '2025-08-06'),
(5, 2, '08:38:00', '12:06:00', '12:07:00', '17:31:00', NULL, '2025-08-07'),
(6, 2, '08:32:00', '12:04:00', '12:06:00', '17:00:00', NULL, '2025-08-08'),
(7, 2, '08:05:00', '12:07:00', '12:08:00', '17:12:00', NULL, '2025-08-11'),
(8, 2, '08:46:00', '12:09:00', '12:10:00', '17:09:00', NULL, '2025-08-12'),
(9, 2, '08:35:00', '12:04:00', '12:10:00', '17:09:00', NULL, '2025-08-13'),
(10, 2, '08:38:00', '12:02:00', '12:03:00', '17:08:00', NULL, '2025-08-14'),
(11, 2, '08:41:00', '12:02:00', '12:04:00', '18:56:00', NULL, '2025-08-15'),
(12, 2, '08:21:00', '12:03:00', '12:04:00', '17:04:00', NULL, '2025-08-18'),
(13, 2, '07:57:00', '12:09:00', '12:04:00', '17:09:00', NULL, '2025-08-19'),
(14, 2, '08:12:00', '12:03:00', '12:04:00', '17:14:00', NULL, '2025-08-20'),
(15, 2, '07:54:00', '12:04:00', '12:05:00', '17:02:00', NULL, '2025-08-22'),
(16, 2, '07:54:00', '12:03:00', '12:04:00', '17:07:00', NULL, '2025-08-26'),
(17, 2, '08:43:00', '12:03:00', '12:04:00', '21:56:00', NULL, '2025-08-27'),
(18, 2, '09:03:00', '12:00:00', '00:01:00', '17:05:00', NULL, '2025-08-28'),
(19, 2, '08:14:00', '12:02:00', '12:03:00', '17:09:00', NULL, '2025-08-29'),
(20, 3, '08:00:00', '12:01:00', '12:02:00', '17:09:00', NULL, '2025-08-01'),
(21, 3, '08:20:00', '12:10:00', '12:11:00', '17:07:00', NULL, '2025-08-04'),
(22, 3, '07:58:00', '12:04:00', '12:05:00', '17:03:00', NULL, '2025-08-05'),
(23, 3, '08:07:00', '12:11:00', '12:13:00', '17:01:00', NULL, '2025-08-06'),
(24, 3, '08:00:00', '12:07:00', '12:08:00', '18:36:00', NULL, '2025-08-07'),
(25, 3, '08:09:00', '12:07:00', '12:08:00', '17:00:00', NULL, '2025-08-08'),
(26, 3, '08:05:00', '12:13:00', '12:14:00', NULL, NULL, '2025-08-11'),
(27, 3, '08:11:00', '12:13:00', '12:14:00', '17:02:00', NULL, '2025-08-12'),
(28, 3, '07:57:00', '12:01:00', '12:02:00', '17:16:00', NULL, '2025-08-13'),
(29, 3, '08:22:00', '12:21:00', '12:22:00', '17:02:00', NULL, '2025-08-14'),
(30, 3, '08:53:00', NULL, NULL, NULL, NULL, '2025-08-15'),
(31, 3, '08:10:00', '12:05:00', '12:06:00', '17:06:00', NULL, '2025-08-18'),
(32, 3, '08:01:00', '12:03:00', '12:03:00', '17:10:00', NULL, '2025-08-19'),
(33, 3, '07:58:00', '12:03:00', '12:04:00', '19:03:00', NULL, '2025-08-20'),
(34, 3, '07:53:00', '12:09:00', '12:10:00', '17:08:00', NULL, '2025-08-22'),
(35, 3, '08:05:00', '12:03:00', '12:04:00', '17:03:00', NULL, '2025-08-26'),
(36, 3, '08:07:00', '12:13:00', '12:14:00', '17:00:00', NULL, '2025-08-27'),
(37, 3, '07:58:00', '12:16:00', '12:18:00', '17:00:00', NULL, '2025-08-28'),
(38, 3, '08:10:00', '12:01:00', '12:02:00', '17:06:00', NULL, '2025-08-29'),
(39, 5, NULL, NULL, '17:01:00', '20:14:00', NULL, '2025-08-04'),
(42, 5, NULL, NULL, '16:01:00', '20:14:00', NULL, '2025-08-05'),
(135, 1, '08:05:12', '12:15:30', '12:16:58', '17:45:12', NULL, '2025-09-01'),
(136, 1, '08:02:10', '12:12:05', '12:13:45', '17:45:10', NULL, '2025-09-02'),
(137, 1, '08:10:45', '12:20:20', '12:21:50', '17:55:45', NULL, '2025-09-03'),
(138, 1, '07:58:30', '12:08:00', '12:09:15', '17:50:30', NULL, '2025-09-04'),
(139, 1, '08:05:15', '12:15:30', '12:16:00', '17:55:15', NULL, '2025-09-05'),
(140, 1, '08:12:30', '12:22:40', '12:23:55', '17:40:30', NULL, '2025-09-06'),
(141, 1, '08:08:45', '12:18:20', '12:19:35', '17:50:45', NULL, '2025-09-07'),
(142, 1, '08:00:20', '12:10:50', '12:12:05', '17:58:20', NULL, '2025-09-08'),
(143, 1, '08:18:50', '12:28:10', '12:29:25', '18:00:50', NULL, '2025-09-09'),
(144, 1, '08:10:05', '12:20:30', '12:21:45', '17:55:05', NULL, '2025-09-10'),
(145, 1, '08:05:30', '12:15:20', '12:16:45', '17:45:30', NULL, '2025-09-11'),
(146, 1, '08:02:15', '12:12:45', '12:13:00', '17:50:15', NULL, '2025-09-12'),
(147, 1, '08:00:40', '12:10:10', '12:11:30', '17:40:40', NULL, '2025-09-13'),
(148, 1, '08:15:30', '12:25:50', '12:27:00', '18:05:30', NULL, '2025-09-14'),
(149, 1, '08:20:25', '12:30:10', '12:31:30', '17:40:25', NULL, '2025-09-15'),
(150, 1, '08:12:15', '12:22:30', '12:23:45', '17:50:15', NULL, '2025-09-16'),
(151, 1, '08:00:30', '12:10:15', '12:11:30', '17:45:30', NULL, '2025-09-17'),
(152, 1, '08:10:50', '12:20:20', '12:21:35', '17:50:50', NULL, '2025-09-18'),
(153, 1, '08:15:30', '12:25:50', '12:27:00', '18:00:30', NULL, '2025-09-19'),
(154, 1, '08:02:10', '12:12:30', '12:13:45', '17:45:10', NULL, '2025-09-20'),
(155, 1, '08:05:40', '12:15:10', '12:16:30', '17:50:40', NULL, '2025-09-21'),
(156, 1, '08:18:20', '12:28:40', '12:30:00', '18:10:20', NULL, '2025-09-22'),
(157, 1, '08:25:50', '12:35:10', '12:36:20', '18:15:50', NULL, '2025-09-23'),
(158, 1, '08:00:20', '12:10:10', '12:11:30', '17:45:20', NULL, '2025-09-24'),
(159, 1, '08:05:30', '12:15:50', '12:17:00', '17:50:30', NULL, '2025-09-25'),
(160, 1, '08:12:20', '12:22:50', '12:24:00', '18:00:20', NULL, '2025-09-26'),
(161, 1, '08:08:10', '12:18:20', '12:19:30', '17:55:10', NULL, '2025-09-27'),
(162, 1, '08:00:15', '12:10:05', '12:11:20', '17:45:15', NULL, '2025-09-28'),
(163, 1, '08:15:50', '12:25:20', '12:26:35', '18:00:50', NULL, '2025-09-29'),
(164, 1, '08:05:10', '12:15:20', '12:16:35', '17:50:10', NULL, '2025-09-30'),
(165, 2, '08:15:45', '12:25:20', '12:26:30', '18:05:45', NULL, '2025-09-01'),
(166, 2, '07:58:30', '12:08:50', '12:10:30', '18:10:30', NULL, '2025-09-02'),
(167, 2, '08:22:15', '12:32:30', '12:33:45', '18:15:15', NULL, '2025-09-03'),
(168, 2, '08:10:20', '12:20:40', '12:21:55', '18:20:40', NULL, '2025-09-04'),
(169, 2, '07:55:40', '12:05:10', '12:06:50', '18:00:40', NULL, '2025-09-05'),
(170, 2, '08:00:50', '12:10:20', '12:12:05', '18:25:50', NULL, '2025-09-06'),
(171, 2, '08:20:10', '12:30:50', '12:32:05', '18:15:10', NULL, '2025-09-07'),
(172, 2, '08:15:30', '12:25:10', '12:26:30', '18:05:30', NULL, '2025-09-08'),
(173, 2, '08:02:15', '12:12:40', '12:14:05', '18:10:15', NULL, '2025-09-09'),
(174, 2, '08:25:20', '12:35:10', '12:36:30', '18:20:20', NULL, '2025-09-10'),
(175, 2, '08:18:10', '12:28:40', '12:29:00', '18:10:10', NULL, '2025-09-11'),
(176, 2, '08:15:50', '12:25:20', '12:26:40', '18:15:50', NULL, '2025-09-12'),
(177, 2, '08:10:25', '12:20:50', '12:22:15', '18:20:25', NULL, '2025-09-13'),
(178, 2, '08:28:10', '12:48:00', '12:49:15', '18:10:10', NULL, '2025-09-14'),
(179, 2, '07:55:40', '12:05:20', '12:06:45', '18:25:40', NULL, '2025-09-15'),
(180, 2, '08:05:50', '12:15:10', '12:16:30', '18:15:50', NULL, '2025-09-16'),
(181, 2, '08:15:20', '12:25:00', '12:26:15', '18:20:20', NULL, '2025-09-17'),
(182, 2, '08:05:00', '12:15:30', '12:16:45', '18:05:00', NULL, '2025-09-18'),
(183, 2, '08:08:45', '12:18:20', '12:19:35', '18:15:45', NULL, '2025-09-19'),
(184, 2, '08:18:50', '12:28:10', '12:29:25', '18:10:50', NULL, '2025-09-20'),
(185, 2, '08:20:15', '12:30:00', '12:31:15', '18:15:15', NULL, '2025-09-21'),
(186, 2, '08:00:10', '12:10:00', '12:11:15', '17:55:10', NULL, '2025-09-22'),
(187, 2, '08:10:20', '12:20:40', '12:21:55', '18:05:20', NULL, '2025-09-23'),
(188, 2, '08:15:40', '12:25:20', '12:26:40', '18:00:40', NULL, '2025-09-24'),
(189, 2, '08:20:10', '12:30:20', '12:31:35', '18:15:10', NULL, '2025-09-25'),
(190, 2, '08:00:15', '12:10:30', '12:11:45', '18:10:15', NULL, '2025-09-26'),
(191, 2, '08:22:50', '12:35:15', '12:36:30', '18:20:50', NULL, '2025-09-27'),
(192, 2, '08:10:40', '12:20:50', '12:22:00', '18:05:40', NULL, '2025-09-28'),
(193, 2, '07:50:10', '12:00:30', '12:01:45', '17:55:10', NULL, '2025-09-29'),
(194, 2, '08:20:00', '12:30:10', '12:31:25', '18:05:00', NULL, '2025-09-30'),
(195, 3, '08:25:01', '12:35:10', '12:36:50', '17:50:01', NULL, '2025-09-01'),
(196, 3, '08:18:20', '12:28:50', '12:30:15', '18:00:20', NULL, '2025-09-02'),
(197, 3, '08:05:55', '12:15:10', '12:16:30', '17:40:55', NULL, '2025-09-03'),
(198, 3, '08:25:05', '12:35:15', '12:36:30', '18:05:05', NULL, '2025-09-04'),
(199, 3, '08:15:25', '12:25:50', '12:27:05', '18:10:25', NULL, '2025-09-05'),
(200, 3, '07:52:10', '12:02:30', '12:03:45', '18:00:10', NULL, '2025-09-06'),
(201, 3, '07:55:05', '12:05:45', '12:07:10', '17:45:05', NULL, '2025-09-07'),
(202, 3, '08:28:15', '12:38:40', '12:39:00', '17:50:15', NULL, '2025-09-08'),
(203, 3, '07:50:30', '12:00:50', '12:02:10', '17:45:30', NULL, '2025-09-09'),
(204, 3, '07:58:40', '12:08:50', '12:10:05', '18:05:40', NULL, '2025-09-10'),
(205, 3, '08:22:50', '12:32:30', '12:33:50', '18:00:50', NULL, '2025-09-11'),
(206, 3, '08:28:10', '12:48:00', '12:49:15', '18:05:10', NULL, '2025-09-12'),
(207, 3, '08:20:00', '12:30:10', '12:31:20', '18:00:00', NULL, '2025-09-13'),
(208, 3, '08:05:05', '12:15:30', '12:16:45', '17:55:05', NULL, '2025-09-14'),
(209, 3, '08:10:00', '12:20:50', '12:22:15', '18:00:00', NULL, '2025-09-15'),
(210, 3, '08:25:00', '12:35:20', '12:36:40', '18:05:00', NULL, '2025-09-16'),
(211, 3, '08:28:40', '12:48:10', '12:49:25', '18:10:40', NULL, '2025-09-17'),
(212, 3, '08:22:10', '12:32:50', '12:33:00', '17:55:10', NULL, '2025-09-18'),
(213, 3, '08:20:15', '12:30:40', '12:32:00', '18:05:15', NULL, '2025-09-19'),
(214, 3, '08:25:05', '12:35:20', '12:36:35', '18:00:05', NULL, '2025-09-20'),
(215, 3, '08:12:50', '12:22:20', '12:23:40', '18:00:50', NULL, '2025-09-21'),
(216, 3, '08:05:30', '12:15:20', '12:16:40', '18:00:30', NULL, '2025-09-22'),
(217, 3, '07:55:15', '12:05:30', '12:06:45', '17:50:15', NULL, '2025-09-23'),
(218, 3, '08:28:10', '12:48:00', '12:49:15', '18:10:10', NULL, '2025-09-24'),
(219, 3, '07:50:40', '12:00:50', '12:02:10', '17:40:40', NULL, '2025-09-25'),
(220, 3, '08:25:30', '12:40:50', '12:42:00', '18:05:30', NULL, '2025-09-26'),
(221, 3, '07:55:00', '12:05:10', '12:06:25', '18:00:00', NULL, '2025-09-27'),
(222, 3, '08:25:05', '12:35:15', '12:36:30', '17:50:05', NULL, '2025-09-28'),
(223, 3, '08:12:25', '12:22:50', '12:24:05', '18:10:25', NULL, '2025-09-29'),
(224, 3, '08:30:00', '12:40:10', '12:41:20', '18:15:00', NULL, '2025-09-30'),
(798, 1, '08:05:12', '12:15:30', '12:16:58', '17:45:12', NULL, '2025-10-01'),
(799, 1, '08:02:10', '12:12:05', '12:13:45', '17:45:10', NULL, '2025-10-02'),
(800, 1, '08:10:45', '12:20:20', '12:21:50', '17:55:45', NULL, '2025-10-03'),
(801, 1, '07:58:30', '12:08:00', '12:09:15', '17:50:30', NULL, '2025-10-04'),
(802, 1, '08:05:15', '12:15:30', '12:16:00', '17:55:15', NULL, '2025-10-05'),
(803, 1, '08:12:30', '12:22:40', '12:23:55', '17:40:30', NULL, '2025-10-06'),
(804, 1, '08:08:45', '12:18:20', '12:19:35', '17:50:45', NULL, '2025-10-07'),
(805, 1, '08:00:20', '12:10:50', '12:12:05', '17:58:20', NULL, '2025-10-08'),
(806, 1, '08:18:50', '12:28:10', '12:29:25', '18:00:50', NULL, '2025-10-09'),
(807, 1, '08:10:05', '12:20:30', '12:21:45', '17:55:05', NULL, '2025-10-10'),
(808, 1, '08:05:30', '12:15:20', '12:16:45', '17:45:30', NULL, '2025-10-11'),
(809, 1, '08:02:15', '12:12:45', '12:13:00', '17:50:15', NULL, '2025-10-12'),
(810, 1, '08:00:40', '12:10:10', '12:11:30', '17:40:40', NULL, '2025-10-13'),
(811, 1, '08:15:30', '12:25:50', '12:27:00', '18:05:30', NULL, '2025-10-14'),
(812, 1, '08:20:25', '12:30:10', '12:31:30', '17:40:25', NULL, '2025-10-15'),
(813, 1, '08:12:15', '12:22:30', '12:23:45', '17:50:15', NULL, '2025-10-16'),
(814, 1, '08:00:30', '12:10:15', '12:11:30', '17:45:30', NULL, '2025-10-17'),
(815, 1, '08:10:50', '12:20:20', '12:21:35', '17:50:50', NULL, '2025-10-18'),
(816, 1, '08:15:30', '12:25:50', '12:27:00', '18:00:30', NULL, '2025-10-19'),
(817, 1, '08:02:10', '12:12:30', '12:13:45', '17:45:10', NULL, '2025-10-20'),
(818, 1, '08:05:40', '12:15:10', '12:16:30', '17:50:40', NULL, '2025-10-21'),
(819, 1, '08:18:20', '12:28:40', '12:30:00', '18:10:20', NULL, '2025-10-22'),
(820, 1, '08:25:50', '12:35:10', '12:36:20', '18:15:50', NULL, '2025-10-23'),
(821, 1, '08:00:20', '12:10:10', '12:11:30', '17:45:20', NULL, '2025-10-24'),
(822, 1, '08:05:30', '12:15:50', '12:17:00', '17:50:30', NULL, '2025-10-25'),
(823, 1, '08:12:20', '12:22:50', '12:24:00', '18:00:20', NULL, '2025-10-26'),
(824, 1, '08:08:10', '12:18:20', '12:19:30', '17:55:10', NULL, '2025-10-27'),
(825, 1, '08:00:15', '12:10:05', '12:11:20', '17:45:15', NULL, '2025-10-28'),
(826, 1, '08:15:50', '12:25:20', '12:26:35', '18:00:50', NULL, '2025-10-29'),
(827, 1, '08:05:10', '12:15:20', '12:16:35', '17:50:10', NULL, '2025-10-30'),
(828, 1, '08:10:30', '12:20:50', '12:22:00', '17:55:30', NULL, '2025-10-31'),
(829, 2, '08:15:45', '12:25:20', '12:26:30', '18:05:45', NULL, '2025-10-01'),
(830, 2, '07:58:30', '12:08:50', '12:10:30', '18:10:30', NULL, '2025-10-02'),
(831, 2, '08:22:15', '12:32:30', '12:33:45', '18:15:15', NULL, '2025-10-03'),
(832, 2, '08:10:20', '12:20:40', '12:21:55', '18:20:40', NULL, '2025-10-04'),
(833, 2, '07:55:40', '12:05:10', '12:06:50', '18:00:40', NULL, '2025-10-05'),
(834, 2, '08:00:50', '12:10:20', '12:12:05', '18:25:50', NULL, '2025-10-06'),
(835, 2, '08:20:10', '12:30:50', '12:32:05', '18:15:10', NULL, '2025-10-07'),
(836, 2, '08:15:30', '12:25:10', '12:26:30', '18:05:30', NULL, '2025-10-08'),
(837, 2, '08:02:15', '12:12:40', '12:14:05', '18:10:15', NULL, '2025-10-09'),
(838, 2, '08:25:20', '12:35:10', '12:36:30', '18:20:20', NULL, '2025-10-10'),
(839, 2, '08:18:10', '12:28:40', '12:29:00', '18:10:10', NULL, '2025-10-11'),
(840, 2, '08:15:50', '12:25:20', '12:26:40', '18:15:50', NULL, '2025-10-12'),
(841, 2, '08:10:25', '12:20:50', '12:22:15', '18:20:25', NULL, '2025-10-13'),
(842, 2, '08:28:10', '12:48:00', '12:49:15', '18:10:10', NULL, '2025-10-14'),
(843, 2, '07:55:40', '12:05:20', '12:06:45', '18:25:40', NULL, '2025-10-15'),
(844, 2, '08:05:50', '12:15:10', '12:16:30', '18:15:50', NULL, '2025-10-16'),
(845, 2, '08:15:20', '12:25:00', '12:26:15', '18:20:20', NULL, '2025-10-17'),
(846, 2, '08:05:00', '12:15:30', '12:16:45', '18:05:00', NULL, '2025-10-18'),
(847, 2, '08:08:45', '12:18:20', '12:19:35', '18:15:45', NULL, '2025-10-19'),
(848, 2, '08:18:50', '12:28:10', '12:29:25', '18:10:50', NULL, '2025-10-20'),
(849, 2, '08:20:15', '12:30:00', '12:31:15', '18:15:15', NULL, '2025-10-21'),
(850, 2, '08:00:10', '12:10:00', '12:11:15', '17:55:10', NULL, '2025-10-22'),
(851, 2, '08:10:20', '12:20:40', '12:21:55', '18:05:20', NULL, '2025-10-23'),
(852, 2, '08:15:40', '12:25:20', '12:26:40', '18:00:40', NULL, '2025-10-24'),
(853, 2, '08:20:10', '12:30:20', '12:31:35', '18:15:10', NULL, '2025-10-25'),
(854, 2, '08:00:15', '12:10:30', '12:11:45', '18:10:15', NULL, '2025-10-26'),
(855, 2, '08:22:50', '12:35:15', '12:36:30', '18:20:50', NULL, '2025-10-27'),
(856, 2, '08:10:40', '12:20:50', '12:22:00', '18:05:40', NULL, '2025-10-28'),
(857, 2, '07:50:10', '12:00:30', '12:01:45', '17:55:10', NULL, '2025-10-29'),
(858, 2, '08:20:00', '12:30:10', '12:31:25', '18:05:00', NULL, '2025-10-30'),
(859, 2, '08:05:20', '12:15:10', '12:16:20', '18:10:20', NULL, '2025-10-31'),
(860, 3, '08:25:01', '12:35:10', '12:36:50', '17:50:01', NULL, '2025-10-01'),
(861, 3, '08:18:20', '12:28:50', '12:30:15', '18:00:20', NULL, '2025-10-02'),
(862, 3, '08:05:55', '12:15:10', '12:16:30', '17:40:55', NULL, '2025-10-03'),
(863, 3, '08:25:05', '12:35:15', '12:36:30', '18:05:05', NULL, '2025-10-04'),
(864, 3, '08:15:25', '12:25:50', '12:27:05', '18:10:25', NULL, '2025-10-05'),
(865, 3, '07:52:10', '12:02:30', '12:03:45', '18:00:10', NULL, '2025-10-06'),
(866, 3, '07:55:05', '12:05:45', '12:07:10', '17:45:05', NULL, '2025-10-07'),
(867, 3, '08:28:15', '12:38:40', '12:39:00', '17:50:15', NULL, '2025-10-08'),
(868, 3, '07:50:30', '12:00:50', '12:02:10', '17:45:30', NULL, '2025-10-09'),
(869, 3, '07:58:40', '12:08:50', '12:10:05', '18:05:40', NULL, '2025-10-10'),
(870, 3, '08:22:50', '12:32:30', '12:33:50', '18:00:50', NULL, '2025-10-11'),
(871, 3, '08:28:10', '12:48:00', '12:49:15', '18:05:10', NULL, '2025-10-12'),
(872, 3, '08:20:00', '12:30:10', '12:31:20', '18:00:00', NULL, '2025-10-13'),
(873, 3, '08:05:05', '12:15:30', '12:16:45', '17:55:05', NULL, '2025-10-14'),
(874, 3, '08:10:00', '12:20:50', '12:22:15', '18:00:00', NULL, '2025-10-15'),
(875, 3, '08:25:00', '12:35:20', '12:36:40', '18:05:00', NULL, '2025-10-16'),
(876, 3, '08:28:40', '12:48:10', '12:49:25', '18:10:40', NULL, '2025-10-17'),
(877, 3, '08:22:10', '12:32:50', '12:33:00', '17:55:10', NULL, '2025-10-18'),
(878, 3, '08:20:15', '12:30:40', '12:32:00', '18:05:15', NULL, '2025-10-19'),
(879, 3, '08:25:05', '12:35:20', '12:36:35', '18:00:05', NULL, '2025-10-20'),
(880, 3, '08:12:50', '12:22:20', '12:23:40', '18:00:50', NULL, '2025-10-21'),
(881, 3, '08:05:30', '12:15:20', '12:16:40', '18:00:30', NULL, '2025-10-22'),
(882, 3, '07:55:15', '12:05:30', '12:06:45', '17:50:15', NULL, '2025-10-23'),
(883, 3, '08:28:10', '12:48:00', '12:49:15', '18:10:10', NULL, '2025-10-24'),
(884, 3, '07:50:40', '12:00:50', '12:02:10', '17:40:40', NULL, '2025-10-25'),
(885, 3, '08:25:30', '12:40:50', '12:42:00', '18:05:30', NULL, '2025-10-26'),
(886, 3, '07:55:00', '12:05:10', '12:06:25', '18:00:00', NULL, '2025-10-27'),
(887, 3, '08:25:05', '12:35:15', '12:36:30', '17:50:05', NULL, '2025-10-28'),
(888, 3, '08:12:25', '12:22:50', '12:24:05', '18:10:25', NULL, '2025-10-29'),
(889, 3, '08:30:00', '12:40:10', '12:41:20', '18:15:00', NULL, '2025-10-30'),
(890, 3, '08:25:40', '12:40:30', '12:41:45', '18:05:40', NULL, '2025-10-31'),
(891, 6, NULL, NULL, '17:26:00', '20:31:00', NULL, '2025-10-03'),
(892, 6, '07:08:00', '12:04:00', NULL, NULL, NULL, '2025-10-04'),
(893, 6, '12:56:00', '17:55:00', NULL, NULL, NULL, '2025-10-05'),
(894, 6, '17:27:00', '20:35:00', NULL, NULL, NULL, '2025-10-10'),
(895, 6, '06:55:00', '12:03:00', NULL, NULL, NULL, '2025-10-11'),
(896, 6, '07:03:00', '12:05:00', NULL, NULL, NULL, '2025-10-12'),
(897, 6, '17:25:00', '20:27:00', NULL, NULL, NULL, '2025-10-17'),
(898, 6, '07:02:00', '12:09:00', NULL, NULL, NULL, '2025-10-18'),
(899, 6, '12:58:00', '17:59:00', NULL, NULL, NULL, '2025-10-19'),
(900, 6, '17:34:00', '20:32:00', NULL, NULL, NULL, '2025-10-24'),
(901, 6, '07:09:00', '12:08:00', NULL, NULL, NULL, '2025-10-25'),
(902, 6, '06:58:00', '12:03:00', NULL, NULL, NULL, '2025-10-26'),
(903, 6, '17:28:00', '20:33:00', NULL, NULL, NULL, '2025-10-31'),
(904, 7, '17:32:00', '20:28:00', NULL, NULL, NULL, '2025-10-02'),
(905, 7, '17:27:00', '20:34:00', NULL, NULL, NULL, '2025-10-03'),
(906, 7, '17:33:00', '20:32:00', NULL, NULL, NULL, '2025-10-09'),
(907, 7, '17:28:00', '20:29:00', NULL, NULL, NULL, '2025-10-10'),
(908, 7, '17:35:00', '20:30:00', NULL, NULL, NULL, '2025-10-16'),
(909, 7, '17:25:00', '20:31:00', NULL, NULL, NULL, '2025-10-17'),
(910, 7, '17:31:00', '20:33:00', NULL, NULL, NULL, '2025-10-23'),
(911, 7, '17:26:00', '20:27:00', NULL, NULL, NULL, '2025-10-24'),
(912, 7, '17:34:00', '20:29:00', NULL, NULL, NULL, '2025-10-30'),
(913, 7, '17:28:00', '20:32:00', NULL, NULL, NULL, '2025-10-31'),
(914, 8, '06:56:00', '12:05:00', '13:02:00', '17:57:00', NULL, '2025-10-04'),
(915, 8, '07:03:00', '12:08:00', '13:05:00', '18:03:00', NULL, '2025-10-11'),
(916, 8, '06:59:00', '12:02:00', '12:59:00', '18:01:00', NULL, '2025-10-18'),
(917, 8, '07:04:00', '12:07:00', '13:03:00', '17:55:00', NULL, '2025-10-25');

-- --------------------------------------------------------

--
-- Table structure for table `employees`
--

CREATE TABLE `employees` (
  `id` int(11) NOT NULL,
  `b_id` int(11) NOT NULL,
  `b_name` varchar(100) NOT NULL,
  `type` enum('full-time','part-time') NOT NULL,
  `designation` varchar(250) DEFAULT NULL,
  `monthly_salary` decimal(10,2) DEFAULT 0.00,
  `hourly_salary` decimal(10,2) DEFAULT 0.00,
  `sss` int(11) DEFAULT 0,
  `microdev` decimal(10,2) DEFAULT 0.00,
  `pagibig` decimal(10,2) DEFAULT 0.00,
  `first_name` varchar(250) DEFAULT NULL,
  `middle_name` varchar(250) DEFAULT NULL,
  `last_name` varchar(250) DEFAULT NULL,
  `last_edited` timestamp NOT NULL DEFAULT current_timestamp() ON UPDATE current_timestamp(),
  `date_added` timestamp NOT NULL DEFAULT current_timestamp()
) ENGINE=InnoDB DEFAULT CHARSET=utf8mb4 COLLATE=utf8mb4_general_ci;

--
-- Dumping data for table `employees`
--

INSERT INTO `employees` (`id`, `b_id`, `b_name`, `type`, `designation`, `monthly_salary`, `hourly_salary`, `sss`, `microdev`, `pagibig`, `first_name`, `middle_name`, `last_name`, `last_edited`, `date_added`) VALUES
(1, 1, 'ernesto', 'full-time', 'Instructor', 10000.00, 0.00, 500, 300.00, 0.00, 'ernesto', 'cotales', 'sabornido', '2025-09-21 03:16:03', '2025-08-15 04:31:09'),
(2, 2, 'yator', 'full-time', 'Instructor', 10000.00, 0.00, 0, 0.00, 0.00, 'Rosie', 'NA', 'Yator', '2025-10-10 04:34:49', '2025-08-15 14:02:10'),
(3, 3, 'lanterna', 'full-time', 'Instruct / Program Head', 12000.00, 0.00, 500, 0.00, 0.00, 'Richard', 'A', 'Lanterna', '2025-08-17 07:46:23', '2025-08-15 14:02:29'),
(6, 6, 'Janrell', 'part-time', 'Instructor', 0.00, 100.00, 0, 0.00, 0.00, 'Janrell', 'H', 'Dumanon', '2025-10-10 04:20:09', '2025-10-10 04:20:09'),
(7, 7, 'Flaviano', 'part-time', 'Instructor', 0.00, 100.00, 0, 0.00, 0.00, 'Flaviano', 'S', 'Fucoy III', '2025-10-10 04:25:29', '2025-10-10 04:25:29'),
(8, 8, 'Honey', 'part-time', 'Instructor', 0.00, 100.00, 0, 0.00, 0.00, 'Honey Joy', 'B', 'Lao', '2025-10-10 04:27:10', '2025-10-10 04:27:10'),
(9, 123, 'dimple', 'part-time', 'Instructor', 0.00, 0.00, 600, 600.00, 0.00, 'dimple', 'echavez', 'banguis', '2025-10-14 08:27:44', '2025-10-14 08:27:44');

-- --------------------------------------------------------

--
-- Table structure for table `events`
--

CREATE TABLE `events` (
  `id` int(11) NOT NULL,
  `start` varchar(250) NOT NULL,
  `end` varchar(250) NOT NULL,
  `description` text DEFAULT NULL,
  `date_added` timestamp NOT NULL DEFAULT current_timestamp()
) ENGINE=InnoDB DEFAULT CHARSET=utf8mb4 COLLATE=utf8mb4_general_ci;

--
-- Dumping data for table `events`
--

INSERT INTO `events` (`id`, `start`, `end`, `description`, `date_added`) VALUES
(14, '2025-08-25', '2025-08-25', 'HOLIDAY', '2025-09-05 00:41:16'),
(15, '2025-08-21', '2025-08-21', 'HOLIDAY', '2025-09-05 00:41:25'),
(16, '2025-09-26', '2025-09-26', 'test', '2025-09-25 03:52:37'),
(17, '2025-09-11', '2025-09-11', 'BIRTHDAY NAKO', '2025-10-03 03:25:20'),
(18, '2025-10-06', '2025-10-06', 'Holiday', '2025-10-03 13:35:56'),
(19, '2025-10-14', '2025-10-17', 'Defense', '2025-10-10 04:40:13'),
(20, '2025-08-11', '2025-08-11', 'birthday', '2025-10-14 06:37:59');

-- --------------------------------------------------------

--
-- Table structure for table `faculty_loads`
--

CREATE TABLE `faculty_loads` (
  `id` int(11) NOT NULL,
  `teacher_id` int(11) NOT NULL,
  `subject_id` int(11) NOT NULL,
  `start_time` time NOT NULL,
  `end_time` time NOT NULL,
  `days` varchar(100) DEFAULT NULL,
  `date_added` timestamp NOT NULL DEFAULT current_timestamp()
) ENGINE=InnoDB DEFAULT CHARSET=utf8mb4 COLLATE=utf8mb4_general_ci;

--
-- Dumping data for table `faculty_loads`
--

INSERT INTO `faculty_loads` (`id`, `teacher_id`, `subject_id`, `start_time`, `end_time`, `days`, `date_added`) VALUES
(4, 5, 3, '17:00:00', '19:00:00', 'SUN', '2025-09-18 02:06:03'),
(5, 5, 3, '17:00:00', '20:00:00', 'MON', '2025-09-18 02:06:22'),
(6, 5, 3, '17:00:00', '19:00:00', 'TUE, WED, THU, FRI, SAT', '2025-09-18 02:07:49'),
(7, 6, 5, '07:00:00', '12:00:00', 'SAT', '2025-10-10 04:22:02'),
(8, 6, 5, '13:00:00', '18:00:00', 'SAT', '2025-10-10 04:22:32'),
(9, 6, 6, '07:00:00', '12:00:00', 'SUN', '2025-10-10 04:23:09'),
(10, 6, 6, '13:00:00', '18:00:00', 'SUN', '2025-10-10 04:23:35'),
(11, 6, 6, '17:30:00', '20:30:00', 'FRI', '2025-10-10 04:24:02'),
(12, 6, 6, '18:00:00', '20:00:00', 'SAT', '2025-10-10 04:24:26'),
(13, 7, 7, '17:30:00', '20:30:00', 'THU', '2025-10-10 04:26:05'),
(14, 7, 7, '17:30:00', '20:30:00', 'FRI', '2025-10-10 04:26:28'),
(15, 8, 8, '07:00:00', '12:00:00', 'SAT', '2025-10-10 04:27:53'),
(16, 8, 8, '13:00:00', '18:00:00', 'SAT', '2025-10-10 04:28:11');

-- --------------------------------------------------------

--
-- Table structure for table `file_upload`
--

CREATE TABLE `file_upload` (
  `id` int(11) NOT NULL,
  `file_name` varchar(255) NOT NULL,
  `path` varchar(500) NOT NULL,
  `date_added` datetime DEFAULT current_timestamp()
) ENGINE=InnoDB DEFAULT CHARSET=utf8mb4 COLLATE=utf8mb4_general_ci;

--
-- Dumping data for table `file_upload`
--

INSERT INTO `file_upload` (`id`, `file_name`, `path`, `date_added`) VALUES
(5, 'AGL_20250815T141624813Z.TXT', '/Users/ernesto/Documents/Capstone Projects/Payroll System/routes/uploads/AGL_20250815T141624813Z.TXT', '2025-08-15 22:16:24'),
(6, 'AGL_20250815T142148594Z.TXT', '/Users/ernesto/Documents/Capstone Projects/Payroll System/routes/uploads/AGL_20250815T142148594Z.TXT', '2025-08-15 22:21:48'),
(7, 'AGL_Invalid Date.TXT', '/Users/ernesto/Documents/Capstone Projects/Payroll System/routes/uploads/AGL_Invalid Date.TXT', '2025-08-15 22:35:07'),
(8, 'AGL_20250815T232603986Z.TXT', '/Users/ernesto/Documents/Capstone Projects/Payroll System/routes/uploads/AGL_20250815T232603986Z.TXT', '2025-08-16 07:26:04'),
(9, 'AGL_20250815T232831089Z.TXT', '/Users/ernesto/Documents/Capstone Projects/Payroll System/routes/uploads/AGL_20250815T232831089Z.TXT', '2025-08-16 07:28:31'),
(10, 'AGL_20250818T034640219Z.TXT', '/Users/ernesto/Documents/Capstone Projects/Payroll System/routes/uploads/AGL_20250818T034640219Z.TXT', '2025-08-18 11:46:40'),
(11, 'AGL_20250818T063537751Z.TXT', '/Users/ernesto/Documents/Capstone Projects/Payroll System/routes/uploads/AGL_20250818T063537751Z.TXT', '2025-08-18 14:35:37'),
(12, 'AGL_20250905T003354261Z.TXT', '/Users/ernesto/Documents/Capstone Projects/Payroll System/routes/uploads/AGL_20250905T003354261Z.TXT', '2025-09-05 08:33:54'),
(13, 'AGL_20250905T003518010Z.TXT', '/Users/ernesto/Documents/Capstone Projects/Payroll System/routes/uploads/AGL_20250905T003518010Z.TXT', '2025-09-05 08:35:18'),
(14, 'AGL_20250905T003603536Z.TXT', '/Users/ernesto/Documents/Capstone Projects/Payroll System/routes/uploads/AGL_20250905T003603536Z.TXT', '2025-09-05 08:36:03'),
(15, 'AGL_20250905T003703966Z.TXT', '/Users/ernesto/Documents/Capstone Projects/Payroll System/routes/uploads/AGL_20250905T003703966Z.TXT', '2025-09-05 08:37:04'),
(16, 'AGL_20250905T003910407Z.TXT', '/Users/ernesto/Documents/Capstone Projects/Payroll System/routes/uploads/AGL_20250905T003910407Z.TXT', '2025-09-05 08:39:10'),
(17, 'AGL_20250920T124249442Z.TXT', '/Users/ernesto/Documents/Capstone Projects/Payroll System/routes/uploads/AGL_20250920T124249442Z.TXT', '2025-09-20 20:42:49'),
(18, 'AGL_20250920T125251413Z.txt', '/Users/ernesto/Documents/Capstone Projects/Payroll System/routes/uploads/AGL_20250920T125251413Z.txt', '2025-09-20 20:52:51'),
(19, 'AGL_20250920T134433468Z.txt', '/Users/ernesto/Documents/Capstone Projects/Payroll System/routes/uploads/AGL_20250920T134433468Z.txt', '2025-09-20 21:44:33'),
(20, 'AGL_20250920T134910399Z.txt', '/Users/ernesto/Documents/Capstone Projects/Payroll System/routes/uploads/AGL_20250920T134910399Z.txt', '2025-09-20 21:49:10'),
(21, 'AGL_20251013T152803946Z.txt', '/Users/ernesto/Documents/Capstone Projects/Payroll System/routes/uploads/AGL_20251013T152803946Z.txt', '2025-10-13 23:28:04'),
(22, 'AGL_20251013T153506693Z.txt', '/Users/ernesto/Documents/Capstone Projects/Payroll System/routes/uploads/AGL_20251013T153506693Z.txt', '2025-10-13 23:35:06'),
(23, 'AGL_Mon_Oct_13_2025_23-41-35.txt', '/Users/ernesto/Documents/Capstone Projects/Payroll System/routes/uploads/AGL_Mon_Oct_13_2025_23-41-35.txt', '2025-10-13 23:41:35'),
(24, 'AGL_Tue_Oct_14_2025_14-35-42.txt', '/Users/ernesto/Documents/Capstone Projects/Payroll System/routes/uploads/AGL_Tue_Oct_14_2025_14-35-42.txt', '2025-10-14 14:35:42'),
(25, 'AGL_Tue_Oct_14_2025_16-34-08.txt', '/Users/ernesto/Documents/Capstone Projects/Payroll System/routes/uploads/AGL_Tue_Oct_14_2025_16-34-08.txt', '2025-10-14 16:34:08');

-- --------------------------------------------------------

--
-- Table structure for table `subjects`
--

CREATE TABLE `subjects` (
  `id` int(11) NOT NULL,
  `code` varchar(20) NOT NULL,
  `description` varchar(255) NOT NULL,
  `date_added` date DEFAULT current_timestamp()
) ENGINE=InnoDB DEFAULT CHARSET=utf8mb4 COLLATE=utf8mb4_general_ci;

--
-- Dumping data for table `subjects`
--

INSERT INTO `subjects` (`id`, `code`, `description`, `date_added`) VALUES
(3, '104', 'Programming 2', '2025-09-15'),
(4, '123', 'DATA MINING', '2025-10-03'),
(5, 'IS 103', 'Computer Programming 1', '2025-10-10'),
(6, 'IS 201', 'Data Structure and Algorithm', '2025-10-10'),
(7, 'IS 303', 'Business Process Management', '2025-10-10'),
(8, 'IS 202', 'Organization and Management Concepts', '2025-10-10');

-- --------------------------------------------------------

--
-- Table structure for table `users`
--

CREATE TABLE `users` (
  `id` int(11) NOT NULL,
  `email` varchar(255) NOT NULL,
  `password` varchar(255) NOT NULL,
  `full_name` varchar(255) NOT NULL,
  `auth_token` varchar(255) DEFAULT NULL,
  `date_added` datetime DEFAULT current_timestamp()
) ENGINE=InnoDB DEFAULT CHARSET=utf8mb4 COLLATE=utf8mb4_general_ci;

--
-- Dumping data for table `users`
--

INSERT INTO `users` (`id`, `email`, `password`, `full_name`, `auth_token`, `date_added`) VALUES
(1, 'admin@gmail.com', '$2b$10$JHXrTHrcLFnnBGaQ4gmte.gZtSZtHy5wbjXskiEVZ1AqiqvjzfPfu', 'administrator', 'RkbA743Go+2NNz6NIOEB5okJQFQOh7n2NvKYzgqniKY=', '2025-06-28 19:38:38');

--
-- Indexes for dumped tables
--

--
-- Indexes for table `dtr`
--
ALTER TABLE `dtr`
  ADD PRIMARY KEY (`id`),
  ADD UNIQUE KEY `unique_employee_date` (`employee_id`,`date`);

--
-- Indexes for table `employees`
--
ALTER TABLE `employees`
  ADD PRIMARY KEY (`id`);

--
-- Indexes for table `events`
--
ALTER TABLE `events`
  ADD PRIMARY KEY (`id`);

--
-- Indexes for table `faculty_loads`
--
ALTER TABLE `faculty_loads`
  ADD PRIMARY KEY (`id`);

--
-- Indexes for table `file_upload`
--
ALTER TABLE `file_upload`
  ADD PRIMARY KEY (`id`);

--
-- Indexes for table `subjects`
--
ALTER TABLE `subjects`
  ADD PRIMARY KEY (`id`);

--
-- Indexes for table `users`
--
ALTER TABLE `users`
  ADD PRIMARY KEY (`id`),
  ADD UNIQUE KEY `email` (`email`);

--
-- AUTO_INCREMENT for dumped tables
--

--
-- AUTO_INCREMENT for table `dtr`
--
ALTER TABLE `dtr`
  MODIFY `id` int(11) NOT NULL AUTO_INCREMENT, AUTO_INCREMENT=918;

--
-- AUTO_INCREMENT for table `employees`
--
ALTER TABLE `employees`
  MODIFY `id` int(11) NOT NULL AUTO_INCREMENT, AUTO_INCREMENT=10;

--
-- AUTO_INCREMENT for table `events`
--
ALTER TABLE `events`
  MODIFY `id` int(11) NOT NULL AUTO_INCREMENT, AUTO_INCREMENT=21;

--
-- AUTO_INCREMENT for table `faculty_loads`
--
ALTER TABLE `faculty_loads`
  MODIFY `id` int(11) NOT NULL AUTO_INCREMENT, AUTO_INCREMENT=17;

--
-- AUTO_INCREMENT for table `file_upload`
--
ALTER TABLE `file_upload`
  MODIFY `id` int(11) NOT NULL AUTO_INCREMENT, AUTO_INCREMENT=26;

--
-- AUTO_INCREMENT for table `subjects`
--
ALTER TABLE `subjects`
  MODIFY `id` int(11) NOT NULL AUTO_INCREMENT, AUTO_INCREMENT=9;

--
-- AUTO_INCREMENT for table `users`
--
ALTER TABLE `users`
  MODIFY `id` int(11) NOT NULL AUTO_INCREMENT, AUTO_INCREMENT=2;

--
-- Constraints for dumped tables
--

--
-- Constraints for table `dtr`
--
ALTER TABLE `dtr`
  ADD CONSTRAINT `fk_dtr_employee` FOREIGN KEY (`employee_id`) REFERENCES `employees` (`id`);
COMMIT;

/*!40101 SET CHARACTER_SET_CLIENT=@OLD_CHARACTER_SET_CLIENT */;
/*!40101 SET CHARACTER_SET_RESULTS=@OLD_CHARACTER_SET_RESULTS */;
/*!40101 SET COLLATION_CONNECTION=@OLD_COLLATION_CONNECTION */;
